continent,meanpop,maxpop,minpop,sdpop,medpop
Africa,9916003.142628206,135031164,60011,15490923.32450579,4579311
Americas,24504794.996666666,301139947,662850,50979430.20476406,6227510
Asia,77038721.97222222,1318683096,120447,206885204.61587533,14530830.5
Europe,17169764.733333334,82400996,147962,20519437.648199342,8551125
Oceania,8874672.333333334,20434176,1994794,6506342.467913,6403491.5
